{"cameraMode":{"drawMode":0,"name":"Shaded","section":"Shading Mode"},"sceneLighting":true,"audioPlay":false,"sceneViewState":{"m_AlwaysRefresh":false,"showFog":true,"showSkybox":true,"showFlares":true,"showImageEffects":true,"showParticleSystems":true,"showVisualEffectGraphs":true,"m_FxEnabled":true},"in2DMode":false,"pivot":{"x":0.17200396955013276,"y":1.137711524963379,"z":-2.6133532524108888},"rotation":{"x":-0.07583315670490265,"y":0.15254385769367219,"z":-0.011736833490431309,"w":-0.9853349328041077},"size":6.063500881195068,"orthographic":false}