{"cameraMode":{"drawMode":0,"name":"Shaded","section":"Shading Mode"},"sceneLighting":true,"audioPlay":false,"sceneViewState":{"m_AlwaysRefresh":false,"showFog":true,"showSkybox":true,"showFlares":true,"showImageEffects":true,"showParticleSystems":true,"showVisualEffectGraphs":true,"m_FxEnabled":true},"in2DMode":false,"pivot":{"x":483.228271484375,"y":343.35345458984377,"z":-27.467924118041993},"rotation":{"x":-0.03480340167880058,"y":-0.0039048343896865846,"z":0.0001442633947590366,"w":-0.9994140863418579},"size":333.6940612792969,"orthographic":false}