{"cameraMode":{"drawMode":0,"name":"Shaded","section":"Shading Mode"},"sceneLighting":true,"audioPlay":false,"sceneViewState":{"m_AlwaysRefresh":false,"showFog":true,"showSkybox":true,"showFlares":true,"showImageEffects":true,"showParticleSystems":true,"showVisualEffectGraphs":true,"m_FxEnabled":true},"in2DMode":false,"pivot":{"x":0.6490024328231812,"y":0.8854020833969116,"z":-7.164440155029297},"rotation":{"x":-0.002685312880203128,"y":-0.9387195110321045,"z":0.007333822548389435,"w":-0.34467020630836489},"size":2.8451366424560549,"orthographic":false}